-- phpMyAdmin SQL Dump
-- version 5.2.1
-- https://www.phpmyadmin.net/
--
-- Host: localhost:3307
-- Generation Time: Jun 04, 2025 at 09:48 PM
-- Server version: 10.4.32-MariaDB
-- PHP Version: 8.2.12

SET SQL_MODE = "NO_AUTO_VALUE_ON_ZERO";
START TRANSACTION;
SET time_zone = "+00:00";


/*!40101 SET @OLD_CHARACTER_SET_CLIENT=@@CHARACTER_SET_CLIENT */;
/*!40101 SET @OLD_CHARACTER_SET_RESULTS=@@CHARACTER_SET_RESULTS */;
/*!40101 SET @OLD_COLLATION_CONNECTION=@@COLLATION_CONNECTION */;
/*!40101 SET NAMES utf8mb4 */;

--
-- Database: `skripsi_cf`
--

-- --------------------------------------------------------

--
-- Table structure for table `cache`
--

CREATE TABLE `cache` (
  `key` varchar(255) NOT NULL,
  `value` mediumtext NOT NULL,
  `expiration` int(11) NOT NULL
) ENGINE=InnoDB DEFAULT CHARSET=utf8mb4 COLLATE=utf8mb4_unicode_ci;

-- --------------------------------------------------------

--
-- Table structure for table `cache_locks`
--

CREATE TABLE `cache_locks` (
  `key` varchar(255) NOT NULL,
  `owner` varchar(255) NOT NULL,
  `expiration` int(11) NOT NULL
) ENGINE=InnoDB DEFAULT CHARSET=utf8mb4 COLLATE=utf8mb4_unicode_ci;

-- --------------------------------------------------------

--
-- Table structure for table `diagnosas`
--

CREATE TABLE `diagnosas` (
  `id` bigint(20) UNSIGNED NOT NULL,
  `pasien_id` bigint(20) UNSIGNED DEFAULT NULL,
  `gejala_id` bigint(20) UNSIGNED DEFAULT NULL,
  `penyakit_id` bigint(20) UNSIGNED DEFAULT NULL,
  `nilai_cf` float UNSIGNED DEFAULT NULL,
  `cf_hasil` float UNSIGNED DEFAULT NULL,
  `created_at` timestamp NULL DEFAULT NULL,
  `updated_at` timestamp NULL DEFAULT NULL
) ENGINE=InnoDB DEFAULT CHARSET=utf8mb4 COLLATE=utf8mb4_unicode_ci;

--
-- Dumping data for table `diagnosas`
--

INSERT INTO `diagnosas` (`id`, `pasien_id`, `gejala_id`, `penyakit_id`, `nilai_cf`, `cf_hasil`, `created_at`, `updated_at`) VALUES
(181, 14, 3, 2, 1, 1, '2025-06-03 11:03:05', '2025-06-03 11:03:05'),
(183, 14, 4, 2, 0.6, 0.12, '2025-06-03 11:03:14', '2025-06-03 11:03:14'),
(184, 14, 5, 2, 1, 1, '2025-06-03 11:03:16', '2025-06-03 11:03:16'),
(185, 14, 6, 2, 0.2, 0.16, '2025-06-03 11:03:18', '2025-06-03 11:03:18'),
(187, 14, 7, 3, 0, 0, '2025-06-03 11:03:20', '2025-06-03 11:03:20'),
(188, 14, 8, 3, 0, 0, '2025-06-03 11:03:20', '2025-06-03 11:03:20'),
(189, 14, 9, 3, 0, 0, '2025-06-03 11:03:20', '2025-06-03 11:03:20'),
(190, 14, 10, 3, 0, 0, '2025-06-03 11:03:20', '2025-06-03 11:03:20'),
(191, 14, 11, 3, 0, 0, '2025-06-03 11:03:20', '2025-06-03 11:03:20'),
(192, 14, 12, 3, 0, 0, '2025-06-03 11:03:20', '2025-06-03 11:03:20'),
(193, 14, 13, 4, 0, 0, '2025-06-03 11:03:20', '2025-06-03 11:03:20'),
(194, 14, 14, 4, 0, 0, '2025-06-03 11:03:20', '2025-06-03 11:03:20'),
(195, 14, 15, 4, 0, 0, '2025-06-03 11:03:20', '2025-06-03 11:03:20'),
(196, 14, 16, 4, 0, 0, '2025-06-03 11:03:20', '2025-06-03 11:03:20'),
(197, 14, 17, 5, 0, 0, '2025-06-03 11:03:20', '2025-06-03 11:03:20'),
(198, 14, 18, 5, 0, 0, '2025-06-03 11:03:20', '2025-06-03 11:03:20'),
(199, 14, 19, 5, 0, 0, '2025-06-03 11:03:20', '2025-06-03 11:03:20'),
(200, 14, 20, 5, 0, 0, '2025-06-03 11:03:20', '2025-06-03 11:03:20'),
(201, 14, 21, 5, 0, 0, '2025-06-03 11:03:20', '2025-06-03 11:03:20'),
(202, 14, 22, 6, 0, 0, '2025-06-03 11:03:20', '2025-06-03 11:03:20'),
(203, 14, 23, 6, 0, 0, '2025-06-03 11:03:20', '2025-06-03 11:03:20'),
(204, 14, 24, 6, 0, 0, '2025-06-03 11:03:20', '2025-06-03 11:03:20'),
(205, 14, 25, 6, 0, 0, '2025-06-03 11:03:20', '2025-06-03 11:03:20'),
(206, 15, 3, 2, 1, 1, '2025-06-03 11:08:51', '2025-06-03 11:08:51'),
(207, 15, 18, 5, 0.6, 0.6, '2025-06-03 11:08:57', '2025-06-03 11:08:57'),
(208, 15, 10, 3, 0.2, 0.04, '2025-06-03 11:09:00', '2025-06-03 11:09:00'),
(209, 15, 21, 5, 0.2, 0.04, '2025-06-03 11:09:04', '2025-06-03 11:09:04'),
(210, 15, 23, 6, 1, 0.5, '2025-06-03 11:09:07', '2025-06-03 11:09:07'),
(212, 15, 4, 2, 0, 0, '2025-06-03 11:09:11', '2025-06-03 11:09:11'),
(213, 15, 5, 2, 0, 0, '2025-06-03 11:09:11', '2025-06-03 11:09:11'),
(214, 15, 6, 2, 0, 0, '2025-06-03 11:09:11', '2025-06-03 11:09:11'),
(215, 15, 7, 3, 0, 0, '2025-06-03 11:09:11', '2025-06-03 11:09:11'),
(216, 15, 8, 3, 0, 0, '2025-06-03 11:09:11', '2025-06-03 11:09:11'),
(217, 15, 9, 3, 0, 0, '2025-06-03 11:09:11', '2025-06-03 11:09:11'),
(218, 15, 11, 3, 0, 0, '2025-06-03 11:09:11', '2025-06-03 11:09:11'),
(219, 15, 12, 3, 0, 0, '2025-06-03 11:09:11', '2025-06-03 11:09:11'),
(220, 15, 13, 4, 0, 0, '2025-06-03 11:09:11', '2025-06-03 11:09:11'),
(221, 15, 14, 4, 0, 0, '2025-06-03 11:09:11', '2025-06-03 11:09:11'),
(222, 15, 15, 4, 0, 0, '2025-06-03 11:09:11', '2025-06-03 11:09:11'),
(223, 15, 16, 4, 0, 0, '2025-06-03 11:09:11', '2025-06-03 11:09:11'),
(224, 15, 17, 5, 0, 0, '2025-06-03 11:09:11', '2025-06-03 11:09:11'),
(225, 15, 19, 5, 0, 0, '2025-06-03 11:09:11', '2025-06-03 11:09:11'),
(226, 15, 20, 5, 0, 0, '2025-06-03 11:09:11', '2025-06-03 11:09:11'),
(227, 15, 22, 6, 0, 0, '2025-06-03 11:09:11', '2025-06-03 11:09:11'),
(228, 15, 24, 6, 0, 0, '2025-06-03 11:09:11', '2025-06-03 11:09:11'),
(229, 15, 25, 6, 0, 0, '2025-06-03 11:09:11', '2025-06-03 11:09:11'),
(230, 16, 3, 2, 1, 1, '2025-06-03 11:18:42', '2025-06-03 11:18:42'),
(231, 16, 4, 2, 0.6, 0.12, '2025-06-03 11:18:51', '2025-06-03 11:18:51'),
(232, 16, 5, 2, 1, 1, '2025-06-03 11:18:54', '2025-06-03 11:18:54'),
(233, 16, 6, 2, 0.2, 0.16, '2025-06-03 11:18:56', '2025-06-03 11:18:56'),
(235, 16, 7, 3, 0, 0, '2025-06-03 11:18:57', '2025-06-03 11:18:57'),
(236, 16, 8, 3, 0, 0, '2025-06-03 11:18:57', '2025-06-03 11:18:57'),
(237, 16, 9, 3, 0, 0, '2025-06-03 11:18:57', '2025-06-03 11:18:57'),
(238, 16, 10, 3, 0, 0, '2025-06-03 11:18:57', '2025-06-03 11:18:57'),
(239, 16, 11, 3, 0, 0, '2025-06-03 11:18:57', '2025-06-03 11:18:57'),
(240, 16, 12, 3, 0, 0, '2025-06-03 11:18:57', '2025-06-03 11:18:57'),
(241, 16, 13, 4, 0, 0, '2025-06-03 11:18:57', '2025-06-03 11:18:57'),
(242, 16, 14, 4, 0, 0, '2025-06-03 11:18:57', '2025-06-03 11:18:57'),
(243, 16, 15, 4, 0, 0, '2025-06-03 11:18:57', '2025-06-03 11:18:57'),
(244, 16, 16, 4, 0, 0, '2025-06-03 11:18:57', '2025-06-03 11:18:57'),
(245, 16, 17, 5, 0, 0, '2025-06-03 11:18:57', '2025-06-03 11:18:57'),
(246, 16, 18, 5, 0, 0, '2025-06-03 11:18:57', '2025-06-03 11:18:57'),
(247, 16, 19, 5, 0, 0, '2025-06-03 11:18:57', '2025-06-03 11:18:57'),
(248, 16, 20, 5, 0, 0, '2025-06-03 11:18:57', '2025-06-03 11:18:57'),
(249, 16, 21, 5, 0, 0, '2025-06-03 11:18:57', '2025-06-03 11:18:57'),
(250, 16, 22, 6, 0, 0, '2025-06-03 11:18:57', '2025-06-03 11:18:57'),
(251, 16, 23, 6, 0, 0, '2025-06-03 11:18:57', '2025-06-03 11:18:57'),
(252, 16, 24, 6, 0, 0, '2025-06-03 11:18:57', '2025-06-03 11:18:57'),
(253, 16, 25, 6, 0, 0, '2025-06-03 11:18:57', '2025-06-03 11:18:57'),
(254, 17, 3, 2, 1, 1, '2025-06-03 23:58:12', '2025-06-03 23:58:12'),
(255, 17, 4, 2, 0.6, 0.12, '2025-06-03 23:58:17', '2025-06-03 23:58:17'),
(256, 17, 5, 2, 1, 1, '2025-06-03 23:58:20', '2025-06-03 23:58:20'),
(257, 17, 6, 2, 0.2, 0.16, '2025-06-03 23:58:23', '2025-06-03 23:58:23'),
(259, 17, 7, 3, 0, 0, '2025-06-03 23:58:25', '2025-06-03 23:58:25'),
(260, 17, 8, 3, 0, 0, '2025-06-03 23:58:25', '2025-06-03 23:58:25'),
(261, 17, 9, 3, 0, 0, '2025-06-03 23:58:25', '2025-06-03 23:58:25'),
(262, 17, 10, 3, 0, 0, '2025-06-03 23:58:25', '2025-06-03 23:58:25'),
(263, 17, 11, 3, 0, 0, '2025-06-03 23:58:25', '2025-06-03 23:58:25'),
(264, 17, 12, 3, 0, 0, '2025-06-03 23:58:25', '2025-06-03 23:58:25'),
(265, 17, 13, 4, 0, 0, '2025-06-03 23:58:25', '2025-06-03 23:58:25'),
(266, 17, 14, 4, 0, 0, '2025-06-03 23:58:25', '2025-06-03 23:58:25'),
(267, 17, 15, 4, 0, 0, '2025-06-03 23:58:25', '2025-06-03 23:58:25'),
(268, 17, 16, 4, 0, 0, '2025-06-03 23:58:25', '2025-06-03 23:58:25'),
(269, 17, 17, 5, 0, 0, '2025-06-03 23:58:25', '2025-06-03 23:58:25'),
(270, 17, 18, 5, 0, 0, '2025-06-03 23:58:25', '2025-06-03 23:58:25'),
(271, 17, 19, 5, 0, 0, '2025-06-03 23:58:25', '2025-06-03 23:58:25'),
(272, 17, 20, 5, 0, 0, '2025-06-03 23:58:25', '2025-06-03 23:58:25'),
(273, 17, 21, 5, 0, 0, '2025-06-03 23:58:25', '2025-06-03 23:58:25'),
(274, 17, 22, 6, 0, 0, '2025-06-03 23:58:25', '2025-06-03 23:58:25'),
(275, 17, 23, 6, 0, 0, '2025-06-03 23:58:25', '2025-06-03 23:58:25'),
(276, 17, 24, 6, 0, 0, '2025-06-03 23:58:25', '2025-06-03 23:58:25'),
(277, 17, 25, 6, 0, 0, '2025-06-03 23:58:25', '2025-06-03 23:58:25'),
(278, 18, 7, 3, 1, 0.4, '2025-06-04 00:20:16', '2025-06-04 00:20:16'),
(280, 18, 4, 2, 0, 0, '2025-06-04 00:20:18', '2025-06-04 00:20:18'),
(281, 18, 5, 2, 0, 0, '2025-06-04 00:20:18', '2025-06-04 00:20:18'),
(282, 18, 6, 2, 0, 0, '2025-06-04 00:20:18', '2025-06-04 00:20:18'),
(283, 18, 3, 2, 0, 0, '2025-06-04 00:20:18', '2025-06-04 00:20:18'),
(284, 18, 8, 3, 0, 0, '2025-06-04 00:20:18', '2025-06-04 00:20:18'),
(285, 18, 9, 3, 0, 0, '2025-06-04 00:20:18', '2025-06-04 00:20:18'),
(286, 18, 10, 3, 0, 0, '2025-06-04 00:20:18', '2025-06-04 00:20:18'),
(287, 18, 11, 3, 0, 0, '2025-06-04 00:20:18', '2025-06-04 00:20:18'),
(288, 18, 12, 3, 0, 0, '2025-06-04 00:20:18', '2025-06-04 00:20:18'),
(289, 18, 13, 4, 0, 0, '2025-06-04 00:20:18', '2025-06-04 00:20:18'),
(290, 18, 14, 4, 0, 0, '2025-06-04 00:20:18', '2025-06-04 00:20:18'),
(291, 18, 15, 4, 0, 0, '2025-06-04 00:20:18', '2025-06-04 00:20:18'),
(292, 18, 16, 4, 0, 0, '2025-06-04 00:20:18', '2025-06-04 00:20:18'),
(293, 18, 17, 5, 0, 0, '2025-06-04 00:20:18', '2025-06-04 00:20:18'),
(294, 18, 18, 5, 0, 0, '2025-06-04 00:20:18', '2025-06-04 00:20:18'),
(295, 18, 19, 5, 0, 0, '2025-06-04 00:20:18', '2025-06-04 00:20:18'),
(296, 18, 20, 5, 0, 0, '2025-06-04 00:20:18', '2025-06-04 00:20:18'),
(297, 18, 21, 5, 0, 0, '2025-06-04 00:20:18', '2025-06-04 00:20:18'),
(298, 18, 22, 6, 0, 0, '2025-06-04 00:20:18', '2025-06-04 00:20:18'),
(299, 18, 23, 6, 0, 0, '2025-06-04 00:20:18', '2025-06-04 00:20:18'),
(300, 18, 24, 6, 0, 0, '2025-06-04 00:20:18', '2025-06-04 00:20:18'),
(301, 18, 25, 6, 0, 0, '2025-06-04 00:20:18', '2025-06-04 00:20:18'),
(302, 19, 4, 2, 0.8, 0.16, '2025-06-04 00:35:50', '2025-06-04 00:35:50'),
(303, 19, 8, 3, 0.4, 0.08, '2025-06-04 00:35:53', '2025-06-04 00:35:53'),
(304, 19, 10, 3, 1, 0.2, '2025-06-04 00:35:56', '2025-06-04 00:35:56'),
(305, 19, 9, 3, 0.4, 0.2, '2025-06-04 00:35:59', '2025-06-04 00:35:59'),
(306, 19, 21, 5, 1, 0.2, '2025-06-04 00:36:03', '2025-06-04 00:36:03'),
(308, 19, 5, 2, 0, 0, '2025-06-04 00:36:06', '2025-06-04 00:36:06'),
(309, 19, 6, 2, 0, 0, '2025-06-04 00:36:06', '2025-06-04 00:36:06'),
(310, 19, 3, 2, 0, 0, '2025-06-04 00:36:06', '2025-06-04 00:36:06'),
(311, 19, 7, 3, 0, 0, '2025-06-04 00:36:06', '2025-06-04 00:36:06'),
(312, 19, 11, 3, 0, 0, '2025-06-04 00:36:06', '2025-06-04 00:36:06'),
(313, 19, 12, 3, 0, 0, '2025-06-04 00:36:06', '2025-06-04 00:36:06'),
(314, 19, 13, 4, 0, 0, '2025-06-04 00:36:06', '2025-06-04 00:36:06'),
(315, 19, 14, 4, 0, 0, '2025-06-04 00:36:06', '2025-06-04 00:36:06'),
(316, 19, 15, 4, 0, 0, '2025-06-04 00:36:06', '2025-06-04 00:36:06'),
(317, 19, 16, 4, 0, 0, '2025-06-04 00:36:06', '2025-06-04 00:36:06'),
(318, 19, 17, 5, 0, 0, '2025-06-04 00:36:06', '2025-06-04 00:36:06'),
(319, 19, 18, 5, 0, 0, '2025-06-04 00:36:06', '2025-06-04 00:36:06'),
(320, 19, 19, 5, 0, 0, '2025-06-04 00:36:06', '2025-06-04 00:36:06'),
(321, 19, 20, 5, 0, 0, '2025-06-04 00:36:06', '2025-06-04 00:36:06'),
(322, 19, 22, 6, 0, 0, '2025-06-04 00:36:06', '2025-06-04 00:36:06'),
(323, 19, 23, 6, 0, 0, '2025-06-04 00:36:06', '2025-06-04 00:36:06'),
(324, 19, 24, 6, 0, 0, '2025-06-04 00:36:06', '2025-06-04 00:36:06'),
(325, 19, 25, 6, 0, 0, '2025-06-04 00:36:06', '2025-06-04 00:36:06'),
(326, 20, 3, 2, 1, 1, '2025-06-04 00:38:13', '2025-06-04 00:38:13'),
(327, 20, 5, 2, 1, 1, '2025-06-04 00:38:16', '2025-06-04 00:38:16'),
(328, 20, 12, 3, 0.8, 0.8, '2025-06-04 00:38:22', '2025-06-04 00:38:22'),
(329, 20, 16, 4, 0.8, 0.8, '2025-06-04 00:38:27', '2025-06-04 00:38:27'),
(330, 20, 20, 5, 1, 1, '2025-06-04 00:38:35', '2025-06-04 00:38:35'),
(332, 20, 4, 2, 0, 0, '2025-06-04 00:38:59', '2025-06-04 00:38:59'),
(333, 20, 6, 2, 0, 0, '2025-06-04 00:38:59', '2025-06-04 00:38:59'),
(334, 20, 7, 3, 0, 0, '2025-06-04 00:38:59', '2025-06-04 00:38:59'),
(335, 20, 8, 3, 0, 0, '2025-06-04 00:38:59', '2025-06-04 00:38:59'),
(336, 20, 9, 3, 0, 0, '2025-06-04 00:38:59', '2025-06-04 00:38:59'),
(337, 20, 10, 3, 0, 0, '2025-06-04 00:38:59', '2025-06-04 00:38:59'),
(338, 20, 11, 3, 0, 0, '2025-06-04 00:38:59', '2025-06-04 00:38:59'),
(339, 20, 13, 4, 0, 0, '2025-06-04 00:38:59', '2025-06-04 00:38:59'),
(340, 20, 14, 4, 0, 0, '2025-06-04 00:38:59', '2025-06-04 00:38:59'),
(341, 20, 15, 4, 0, 0, '2025-06-04 00:38:59', '2025-06-04 00:38:59'),
(342, 20, 17, 5, 0, 0, '2025-06-04 00:38:59', '2025-06-04 00:38:59'),
(343, 20, 18, 5, 0, 0, '2025-06-04 00:38:59', '2025-06-04 00:38:59'),
(344, 20, 19, 5, 0, 0, '2025-06-04 00:38:59', '2025-06-04 00:38:59'),
(345, 20, 21, 5, 0, 0, '2025-06-04 00:38:59', '2025-06-04 00:38:59'),
(346, 20, 22, 6, 0, 0, '2025-06-04 00:38:59', '2025-06-04 00:38:59'),
(347, 20, 23, 6, 0, 0, '2025-06-04 00:38:59', '2025-06-04 00:38:59'),
(348, 20, 24, 6, 0, 0, '2025-06-04 00:38:59', '2025-06-04 00:38:59'),
(349, 20, 25, 6, 0, 0, '2025-06-04 00:38:59', '2025-06-04 00:38:59'),
(350, 21, 24, 6, 0.4, 0.2, '2025-06-04 00:39:25', '2025-06-04 00:39:25'),
(351, 21, 7, 3, 0.6, 0.24, '2025-06-04 00:39:29', '2025-06-04 00:39:29'),
(352, 21, 13, 4, 1, 1, '2025-06-04 00:39:34', '2025-06-04 00:39:34'),
(353, 21, 22, 6, 1, 0.6, '2025-06-04 00:39:38', '2025-06-04 00:39:38'),
(354, 21, 16, 4, 1, 1, '2025-06-04 00:39:43', '2025-06-04 00:39:43'),
(355, 21, 21, 5, 0.2, 0.04, '2025-06-04 00:39:47', '2025-06-04 00:39:47'),
(357, 21, 4, 2, 0, 0, '2025-06-04 00:39:50', '2025-06-04 00:39:50'),
(358, 21, 5, 2, 0, 0, '2025-06-04 00:39:50', '2025-06-04 00:39:50'),
(359, 21, 6, 2, 0, 0, '2025-06-04 00:39:50', '2025-06-04 00:39:50'),
(360, 21, 3, 2, 0, 0, '2025-06-04 00:39:50', '2025-06-04 00:39:50'),
(361, 21, 8, 3, 0, 0, '2025-06-04 00:39:50', '2025-06-04 00:39:50'),
(362, 21, 9, 3, 0, 0, '2025-06-04 00:39:50', '2025-06-04 00:39:50'),
(363, 21, 10, 3, 0, 0, '2025-06-04 00:39:50', '2025-06-04 00:39:50'),
(364, 21, 11, 3, 0, 0, '2025-06-04 00:39:50', '2025-06-04 00:39:50'),
(365, 21, 12, 3, 0, 0, '2025-06-04 00:39:50', '2025-06-04 00:39:50'),
(366, 21, 14, 4, 0, 0, '2025-06-04 00:39:50', '2025-06-04 00:39:50'),
(367, 21, 15, 4, 0, 0, '2025-06-04 00:39:50', '2025-06-04 00:39:50'),
(368, 21, 17, 5, 0, 0, '2025-06-04 00:39:50', '2025-06-04 00:39:50'),
(369, 21, 18, 5, 0, 0, '2025-06-04 00:39:50', '2025-06-04 00:39:50'),
(370, 21, 19, 5, 0, 0, '2025-06-04 00:39:50', '2025-06-04 00:39:50'),
(371, 21, 20, 5, 0, 0, '2025-06-04 00:39:50', '2025-06-04 00:39:50'),
(372, 21, 23, 6, 0, 0, '2025-06-04 00:39:50', '2025-06-04 00:39:50'),
(373, 21, 25, 6, 0, 0, '2025-06-04 00:39:50', '2025-06-04 00:39:50'),
(374, 22, 15, 4, 0.8, 0.64, '2025-06-04 00:40:20', '2025-06-04 00:40:20'),
(375, 22, 19, 5, 0.4, 0.4, '2025-06-04 00:40:25', '2025-06-04 00:40:25'),
(376, 22, 25, 6, 0.8, 0.08, '2025-06-04 00:40:33', '2025-06-04 00:40:33'),
(377, 22, 16, 4, 0.4, 0.4, '2025-06-04 00:40:40', '2025-06-04 00:40:40'),
(378, 22, 12, 3, 1, 1, '2025-06-04 00:40:44', '2025-06-04 00:40:44'),
(380, 22, 4, 2, 0, 0, '2025-06-04 00:40:46', '2025-06-04 00:40:46'),
(381, 22, 5, 2, 0, 0, '2025-06-04 00:40:46', '2025-06-04 00:40:46'),
(382, 22, 6, 2, 0, 0, '2025-06-04 00:40:46', '2025-06-04 00:40:46'),
(383, 22, 3, 2, 0, 0, '2025-06-04 00:40:46', '2025-06-04 00:40:46'),
(384, 22, 7, 3, 0, 0, '2025-06-04 00:40:46', '2025-06-04 00:40:46'),
(385, 22, 8, 3, 0, 0, '2025-06-04 00:40:46', '2025-06-04 00:40:46'),
(386, 22, 9, 3, 0, 0, '2025-06-04 00:40:46', '2025-06-04 00:40:46'),
(387, 22, 10, 3, 0, 0, '2025-06-04 00:40:46', '2025-06-04 00:40:46'),
(388, 22, 11, 3, 0, 0, '2025-06-04 00:40:46', '2025-06-04 00:40:46'),
(389, 22, 13, 4, 0, 0, '2025-06-04 00:40:46', '2025-06-04 00:40:46'),
(390, 22, 14, 4, 0, 0, '2025-06-04 00:40:46', '2025-06-04 00:40:46'),
(391, 22, 17, 5, 0, 0, '2025-06-04 00:40:46', '2025-06-04 00:40:46'),
(392, 22, 18, 5, 0, 0, '2025-06-04 00:40:46', '2025-06-04 00:40:46'),
(393, 22, 20, 5, 0, 0, '2025-06-04 00:40:46', '2025-06-04 00:40:46'),
(394, 22, 21, 5, 0, 0, '2025-06-04 00:40:46', '2025-06-04 00:40:46'),
(395, 22, 22, 6, 0, 0, '2025-06-04 00:40:46', '2025-06-04 00:40:46'),
(396, 22, 23, 6, 0, 0, '2025-06-04 00:40:46', '2025-06-04 00:40:46'),
(397, 22, 24, 6, 0, 0, '2025-06-04 00:40:46', '2025-06-04 00:40:46'),
(398, 23, 25, 6, 1, 0.1, '2025-06-04 00:46:37', '2025-06-04 00:46:37'),
(399, 23, 24, 6, 1, 0.5, '2025-06-04 00:46:41', '2025-06-04 00:46:41'),
(400, 23, 22, 6, 0.2, 0.12, '2025-06-04 00:46:46', '2025-06-04 00:46:46'),
(401, 23, 23, 6, 1, 0.5, '2025-06-04 00:46:50', '2025-06-04 00:46:50'),
(403, 23, 4, 2, 0, 0, '2025-06-04 00:46:53', '2025-06-04 00:46:53'),
(404, 23, 5, 2, 0, 0, '2025-06-04 00:46:53', '2025-06-04 00:46:53'),
(405, 23, 6, 2, 0, 0, '2025-06-04 00:46:53', '2025-06-04 00:46:53'),
(406, 23, 3, 2, 0, 0, '2025-06-04 00:46:53', '2025-06-04 00:46:53'),
(407, 23, 7, 3, 0, 0, '2025-06-04 00:46:53', '2025-06-04 00:46:53'),
(408, 23, 8, 3, 0, 0, '2025-06-04 00:46:53', '2025-06-04 00:46:53'),
(409, 23, 9, 3, 0, 0, '2025-06-04 00:46:53', '2025-06-04 00:46:53'),
(410, 23, 10, 3, 0, 0, '2025-06-04 00:46:53', '2025-06-04 00:46:53'),
(411, 23, 11, 3, 0, 0, '2025-06-04 00:46:53', '2025-06-04 00:46:53'),
(412, 23, 12, 3, 0, 0, '2025-06-04 00:46:53', '2025-06-04 00:46:53'),
(413, 23, 13, 4, 0, 0, '2025-06-04 00:46:53', '2025-06-04 00:46:53'),
(414, 23, 14, 4, 0, 0, '2025-06-04 00:46:53', '2025-06-04 00:46:53'),
(415, 23, 15, 4, 0, 0, '2025-06-04 00:46:53', '2025-06-04 00:46:53'),
(416, 23, 16, 4, 0, 0, '2025-06-04 00:46:53', '2025-06-04 00:46:53'),
(417, 23, 17, 5, 0, 0, '2025-06-04 00:46:53', '2025-06-04 00:46:53'),
(418, 23, 18, 5, 0, 0, '2025-06-04 00:46:53', '2025-06-04 00:46:53'),
(419, 23, 19, 5, 0, 0, '2025-06-04 00:46:53', '2025-06-04 00:46:53'),
(420, 23, 20, 5, 0, 0, '2025-06-04 00:46:53', '2025-06-04 00:46:53'),
(421, 23, 21, 5, 0, 0, '2025-06-04 00:46:53', '2025-06-04 00:46:53'),
(422, 24, 17, 5, 1, 0.8, '2025-06-04 00:47:43', '2025-06-04 00:47:43'),
(423, 24, 18, 5, 0.8, 0.8, '2025-06-04 00:47:47', '2025-06-04 00:47:47'),
(424, 24, 19, 5, 0.6, 0.6, '2025-06-04 00:47:53', '2025-06-04 00:47:53'),
(425, 24, 20, 5, 0.8, 0.8, '2025-06-04 00:47:57', '2025-06-04 00:47:57'),
(427, 24, 4, 2, 0, 0, '2025-06-04 00:47:59', '2025-06-04 00:47:59'),
(428, 24, 5, 2, 0, 0, '2025-06-04 00:47:59', '2025-06-04 00:47:59'),
(429, 24, 6, 2, 0, 0, '2025-06-04 00:47:59', '2025-06-04 00:47:59'),
(430, 24, 3, 2, 0, 0, '2025-06-04 00:47:59', '2025-06-04 00:47:59'),
(431, 24, 7, 3, 0, 0, '2025-06-04 00:47:59', '2025-06-04 00:47:59'),
(432, 24, 8, 3, 0, 0, '2025-06-04 00:47:59', '2025-06-04 00:47:59'),
(433, 24, 9, 3, 0, 0, '2025-06-04 00:47:59', '2025-06-04 00:47:59'),
(434, 24, 10, 3, 0, 0, '2025-06-04 00:47:59', '2025-06-04 00:47:59'),
(435, 24, 11, 3, 0, 0, '2025-06-04 00:47:59', '2025-06-04 00:47:59'),
(436, 24, 12, 3, 0, 0, '2025-06-04 00:47:59', '2025-06-04 00:47:59'),
(437, 24, 13, 4, 0, 0, '2025-06-04 00:47:59', '2025-06-04 00:47:59'),
(438, 24, 14, 4, 0, 0, '2025-06-04 00:47:59', '2025-06-04 00:47:59'),
(439, 24, 15, 4, 0, 0, '2025-06-04 00:47:59', '2025-06-04 00:47:59'),
(440, 24, 16, 4, 0, 0, '2025-06-04 00:47:59', '2025-06-04 00:47:59'),
(441, 24, 21, 5, 0, 0, '2025-06-04 00:47:59', '2025-06-04 00:47:59'),
(442, 24, 22, 6, 0, 0, '2025-06-04 00:47:59', '2025-06-04 00:47:59'),
(443, 24, 23, 6, 0, 0, '2025-06-04 00:47:59', '2025-06-04 00:47:59'),
(444, 24, 24, 6, 0, 0, '2025-06-04 00:47:59', '2025-06-04 00:47:59'),
(445, 24, 25, 6, 0, 0, '2025-06-04 00:47:59', '2025-06-04 00:47:59'),
(446, 25, 3, 2, 1, 1, '2025-06-04 01:11:35', '2025-06-04 01:11:35'),
(447, 25, 4, 2, 0.8, 0.16, '2025-06-04 01:11:37', '2025-06-04 01:11:37'),
(448, 25, 5, 2, 1, 1, '2025-06-04 01:11:40', '2025-06-04 01:11:40'),
(449, 25, 6, 2, 0.2, 0.16, '2025-06-04 01:11:45', '2025-06-04 01:11:45'),
(451, 25, 7, 3, 0, 0, '2025-06-04 01:11:47', '2025-06-04 01:11:47'),
(452, 25, 8, 3, 0, 0, '2025-06-04 01:11:47', '2025-06-04 01:11:47'),
(453, 25, 9, 3, 0, 0, '2025-06-04 01:11:47', '2025-06-04 01:11:47'),
(454, 25, 10, 3, 0, 0, '2025-06-04 01:11:47', '2025-06-04 01:11:47'),
(455, 25, 11, 3, 0, 0, '2025-06-04 01:11:47', '2025-06-04 01:11:47'),
(456, 25, 12, 3, 0, 0, '2025-06-04 01:11:47', '2025-06-04 01:11:47'),
(457, 25, 13, 4, 0, 0, '2025-06-04 01:11:47', '2025-06-04 01:11:47'),
(458, 25, 14, 4, 0, 0, '2025-06-04 01:11:47', '2025-06-04 01:11:47'),
(459, 25, 15, 4, 0, 0, '2025-06-04 01:11:47', '2025-06-04 01:11:47'),
(460, 25, 16, 4, 0, 0, '2025-06-04 01:11:47', '2025-06-04 01:11:47'),
(461, 25, 17, 5, 0, 0, '2025-06-04 01:11:47', '2025-06-04 01:11:47'),
(462, 25, 18, 5, 0, 0, '2025-06-04 01:11:47', '2025-06-04 01:11:47'),
(463, 25, 19, 5, 0, 0, '2025-06-04 01:11:47', '2025-06-04 01:11:47'),
(464, 25, 20, 5, 0, 0, '2025-06-04 01:11:47', '2025-06-04 01:11:47'),
(465, 25, 21, 5, 0, 0, '2025-06-04 01:11:47', '2025-06-04 01:11:47'),
(466, 25, 22, 6, 0, 0, '2025-06-04 01:11:47', '2025-06-04 01:11:47'),
(467, 25, 23, 6, 0, 0, '2025-06-04 01:11:47', '2025-06-04 01:11:47'),
(468, 25, 24, 6, 0, 0, '2025-06-04 01:11:47', '2025-06-04 01:11:47'),
(469, 25, 25, 6, 0, 0, '2025-06-04 01:11:47', '2025-06-04 01:11:47'),
(470, 26, 3, 2, 1, 1, '2025-06-04 01:14:32', '2025-06-04 01:14:32'),
(471, 26, 4, 2, 0.2, 0.04, '2025-06-04 01:14:35', '2025-06-04 01:14:35'),
(472, 26, 5, 2, 1, 1, '2025-06-04 01:14:37', '2025-06-04 01:14:37'),
(473, 26, 6, 2, 0.2, 0.16, '2025-06-04 01:14:40', '2025-06-04 01:14:40'),
(474, 26, 1, 1, 0, 0, '2025-06-04 01:14:42', '2025-06-04 01:14:42'),
(475, 26, 7, 3, 0, 0, '2025-06-04 01:14:42', '2025-06-04 01:14:42'),
(476, 26, 8, 3, 0, 0, '2025-06-04 01:14:42', '2025-06-04 01:14:42'),
(477, 26, 9, 3, 0, 0, '2025-06-04 01:14:42', '2025-06-04 01:14:42'),
(478, 26, 10, 3, 0, 0, '2025-06-04 01:14:42', '2025-06-04 01:14:42'),
(479, 26, 11, 3, 0, 0, '2025-06-04 01:14:42', '2025-06-04 01:14:42'),
(480, 26, 12, 3, 0, 0, '2025-06-04 01:14:42', '2025-06-04 01:14:42'),
(481, 26, 13, 4, 0, 0, '2025-06-04 01:14:42', '2025-06-04 01:14:42'),
(482, 26, 14, 4, 0, 0, '2025-06-04 01:14:42', '2025-06-04 01:14:42'),
(483, 26, 15, 4, 0, 0, '2025-06-04 01:14:42', '2025-06-04 01:14:42'),
(484, 26, 16, 4, 0, 0, '2025-06-04 01:14:42', '2025-06-04 01:14:42'),
(485, 26, 17, 5, 0, 0, '2025-06-04 01:14:42', '2025-06-04 01:14:42'),
(486, 26, 18, 5, 0, 0, '2025-06-04 01:14:42', '2025-06-04 01:14:42'),
(487, 26, 19, 5, 0, 0, '2025-06-04 01:14:42', '2025-06-04 01:14:42'),
(488, 26, 20, 5, 0, 0, '2025-06-04 01:14:42', '2025-06-04 01:14:42'),
(489, 26, 21, 5, 0, 0, '2025-06-04 01:14:42', '2025-06-04 01:14:42'),
(490, 26, 22, 6, 0, 0, '2025-06-04 01:14:42', '2025-06-04 01:14:42'),
(491, 26, 23, 6, 0, 0, '2025-06-04 01:14:42', '2025-06-04 01:14:42'),
(492, 26, 24, 6, 0, 0, '2025-06-04 01:14:42', '2025-06-04 01:14:42'),
(493, 26, 25, 6, 0, 0, '2025-06-04 01:14:42', '2025-06-04 01:14:42'),
(494, 27, 3, 2, 0.8, 0.8, '2025-06-04 12:27:30', '2025-06-04 12:27:30'),
(495, 27, 8, 3, 0.2, 0.04, '2025-06-04 12:27:34', '2025-06-04 12:27:34'),
(496, 27, 15, 4, 1, 0.8, '2025-06-04 12:27:38', '2025-06-04 12:27:38'),
(497, 27, 10, 3, 1, 0.2, '2025-06-04 12:27:42', '2025-06-04 12:27:42'),
(498, 27, 1, 1, 0, 0, '2025-06-04 12:27:46', '2025-06-04 12:27:46'),
(499, 27, 4, 2, 0, 0, '2025-06-04 12:27:46', '2025-06-04 12:27:46'),
(500, 27, 5, 2, 0, 0, '2025-06-04 12:27:46', '2025-06-04 12:27:46'),
(501, 27, 6, 2, 0, 0, '2025-06-04 12:27:46', '2025-06-04 12:27:46'),
(502, 27, 7, 3, 0, 0, '2025-06-04 12:27:46', '2025-06-04 12:27:46'),
(503, 27, 9, 3, 0, 0, '2025-06-04 12:27:46', '2025-06-04 12:27:46'),
(504, 27, 11, 3, 0, 0, '2025-06-04 12:27:46', '2025-06-04 12:27:46'),
(505, 27, 12, 3, 0, 0, '2025-06-04 12:27:46', '2025-06-04 12:27:46'),
(506, 27, 13, 4, 0, 0, '2025-06-04 12:27:46', '2025-06-04 12:27:46'),
(507, 27, 14, 4, 0, 0, '2025-06-04 12:27:46', '2025-06-04 12:27:46'),
(508, 27, 16, 4, 0, 0, '2025-06-04 12:27:46', '2025-06-04 12:27:46'),
(509, 27, 17, 5, 0, 0, '2025-06-04 12:27:46', '2025-06-04 12:27:46'),
(510, 27, 18, 5, 0, 0, '2025-06-04 12:27:46', '2025-06-04 12:27:46'),
(511, 27, 19, 5, 0, 0, '2025-06-04 12:27:46', '2025-06-04 12:27:46'),
(512, 27, 20, 5, 0, 0, '2025-06-04 12:27:46', '2025-06-04 12:27:46'),
(513, 27, 21, 5, 0, 0, '2025-06-04 12:27:46', '2025-06-04 12:27:46'),
(514, 27, 22, 6, 0, 0, '2025-06-04 12:27:46', '2025-06-04 12:27:46'),
(515, 27, 23, 6, 0, 0, '2025-06-04 12:27:46', '2025-06-04 12:27:46'),
(516, 27, 24, 6, 0, 0, '2025-06-04 12:27:46', '2025-06-04 12:27:46'),
(517, 27, 25, 6, 0, 0, '2025-06-04 12:27:46', '2025-06-04 12:27:46'),
(518, 28, 7, 3, 0.4, 0.16, '2025-06-04 12:39:47', '2025-06-04 12:39:47'),
(519, 28, 8, 3, 0.6, 0.12, '2025-06-04 12:39:51', '2025-06-04 12:39:51'),
(520, 28, 9, 3, 1, 0.5, '2025-06-04 12:39:54', '2025-06-04 12:39:54'),
(521, 28, 10, 3, 0.2, 0.04, '2025-06-04 12:39:57', '2025-06-04 12:39:57'),
(522, 28, 1, 1, 0, 0, '2025-06-04 12:40:00', '2025-06-04 12:40:00'),
(523, 28, 4, 2, 0, 0, '2025-06-04 12:40:00', '2025-06-04 12:40:00'),
(524, 28, 5, 2, 0, 0, '2025-06-04 12:40:00', '2025-06-04 12:40:00'),
(525, 28, 6, 2, 0, 0, '2025-06-04 12:40:00', '2025-06-04 12:40:00'),
(526, 28, 3, 2, 0, 0, '2025-06-04 12:40:00', '2025-06-04 12:40:00'),
(527, 28, 11, 3, 0, 0, '2025-06-04 12:40:00', '2025-06-04 12:40:00'),
(528, 28, 12, 3, 0, 0, '2025-06-04 12:40:00', '2025-06-04 12:40:00'),
(529, 28, 13, 4, 0, 0, '2025-06-04 12:40:00', '2025-06-04 12:40:00'),
(530, 28, 14, 4, 0, 0, '2025-06-04 12:40:00', '2025-06-04 12:40:00'),
(531, 28, 15, 4, 0, 0, '2025-06-04 12:40:00', '2025-06-04 12:40:00'),
(532, 28, 16, 4, 0, 0, '2025-06-04 12:40:00', '2025-06-04 12:40:00'),
(533, 28, 17, 5, 0, 0, '2025-06-04 12:40:00', '2025-06-04 12:40:00'),
(534, 28, 18, 5, 0, 0, '2025-06-04 12:40:00', '2025-06-04 12:40:00'),
(535, 28, 19, 5, 0, 0, '2025-06-04 12:40:00', '2025-06-04 12:40:00'),
(536, 28, 20, 5, 0, 0, '2025-06-04 12:40:00', '2025-06-04 12:40:00'),
(537, 28, 21, 5, 0, 0, '2025-06-04 12:40:00', '2025-06-04 12:40:00'),
(538, 28, 22, 6, 0, 0, '2025-06-04 12:40:00', '2025-06-04 12:40:00'),
(539, 28, 23, 6, 0, 0, '2025-06-04 12:40:00', '2025-06-04 12:40:00'),
(540, 28, 24, 6, 0, 0, '2025-06-04 12:40:00', '2025-06-04 12:40:00'),
(541, 28, 25, 6, 0, 0, '2025-06-04 12:40:00', '2025-06-04 12:40:00'),
(542, 29, 15, 4, 1, 0.8, '2025-06-04 12:43:02', '2025-06-04 12:43:02'),
(543, 29, 16, 4, 1, 1, '2025-06-04 12:43:06', '2025-06-04 12:43:06'),
(544, 29, 17, 5, 0.6, 0.48, '2025-06-04 12:43:14', '2025-06-04 12:43:14'),
(545, 29, 19, 5, 0.8, 0.8, '2025-06-04 12:43:20', '2025-06-04 12:43:20'),
(546, 29, 4, 2, 1, 0.2, '2025-06-04 12:43:24', '2025-06-04 12:43:24'),
(547, 29, 1, 1, 0, 0, '2025-06-04 12:43:26', '2025-06-04 12:43:26'),
(548, 29, 5, 2, 0, 0, '2025-06-04 12:43:26', '2025-06-04 12:43:26'),
(549, 29, 6, 2, 0, 0, '2025-06-04 12:43:26', '2025-06-04 12:43:26'),
(550, 29, 3, 2, 0, 0, '2025-06-04 12:43:26', '2025-06-04 12:43:26'),
(551, 29, 7, 3, 0, 0, '2025-06-04 12:43:26', '2025-06-04 12:43:26'),
(552, 29, 8, 3, 0, 0, '2025-06-04 12:43:26', '2025-06-04 12:43:26'),
(553, 29, 9, 3, 0, 0, '2025-06-04 12:43:26', '2025-06-04 12:43:26'),
(554, 29, 10, 3, 0, 0, '2025-06-04 12:43:26', '2025-06-04 12:43:26'),
(555, 29, 11, 3, 0, 0, '2025-06-04 12:43:26', '2025-06-04 12:43:26'),
(556, 29, 12, 3, 0, 0, '2025-06-04 12:43:26', '2025-06-04 12:43:26'),
(557, 29, 13, 4, 0, 0, '2025-06-04 12:43:26', '2025-06-04 12:43:26'),
(558, 29, 14, 4, 0, 0, '2025-06-04 12:43:26', '2025-06-04 12:43:26'),
(559, 29, 18, 5, 0, 0, '2025-06-04 12:43:26', '2025-06-04 12:43:26'),
(560, 29, 20, 5, 0, 0, '2025-06-04 12:43:26', '2025-06-04 12:43:26'),
(561, 29, 21, 5, 0, 0, '2025-06-04 12:43:26', '2025-06-04 12:43:26'),
(562, 29, 22, 6, 0, 0, '2025-06-04 12:43:26', '2025-06-04 12:43:26'),
(563, 29, 23, 6, 0, 0, '2025-06-04 12:43:26', '2025-06-04 12:43:26'),
(564, 29, 24, 6, 0, 0, '2025-06-04 12:43:26', '2025-06-04 12:43:26'),
(565, 29, 25, 6, 0, 0, '2025-06-04 12:43:26', '2025-06-04 12:43:26');

-- --------------------------------------------------------

--
-- Table structure for table `failed_jobs`
--

CREATE TABLE `failed_jobs` (
  `id` bigint(20) UNSIGNED NOT NULL,
  `uuid` varchar(255) NOT NULL,
  `connection` text NOT NULL,
  `queue` text NOT NULL,
  `payload` longtext NOT NULL,
  `exception` longtext NOT NULL,
  `failed_at` timestamp NOT NULL DEFAULT current_timestamp()
) ENGINE=InnoDB DEFAULT CHARSET=utf8mb4 COLLATE=utf8mb4_unicode_ci;

-- --------------------------------------------------------

--
-- Table structure for table `gejalas`
--

CREATE TABLE `gejalas` (
  `id` bigint(20) UNSIGNED NOT NULL,
  `kode_gejala` varchar(255) NOT NULL,
  `nama_gejala` varchar(255) NOT NULL,
  `nilai_cf` double NOT NULL,
  `created_at` timestamp NULL DEFAULT NULL,
  `updated_at` timestamp NULL DEFAULT NULL
) ENGINE=InnoDB DEFAULT CHARSET=utf8mb4 COLLATE=utf8mb4_unicode_ci;

--
-- Dumping data for table `gejalas`
--

INSERT INTO `gejalas` (`id`, `kode_gejala`, `nama_gejala`, `nilai_cf`, `created_at`, `updated_at`) VALUES
(3, 'G1', 'Kulit yang menjadi kering dan bersisik', 1, '2025-05-24 07:49:29', '2025-05-24 07:49:29'),
(4, 'G2', 'Kulit yang memerah', 0.8, '2025-05-24 07:49:49', '2025-05-24 07:49:49'),
(5, 'G3', 'Terasa gatal', 1, '2025-05-24 07:50:13', '2025-05-24 07:50:13'),
(6, 'G4', 'Luka yang terluka atau berkerak', 0.2, '2025-05-24 07:50:37', '2025-05-24 07:50:37'),
(7, 'G5', 'Mata merah dan sensitif terhadap cahaya', 1, '2025-05-24 07:51:11', '2025-05-24 07:51:11'),
(8, 'G6', 'Menyerupai gejala pilek seperti batuk kering, hidung beringus, dan sakit tenggorokan', 0.8, '2025-05-24 07:51:31', '2025-05-24 07:51:31'),
(9, 'G7', 'Lemas dan letih', 0.8, '2025-05-24 07:52:00', '2025-05-24 07:52:00'),
(10, 'G8', 'Demam tinggi', 1, '2025-05-24 07:52:37', '2025-05-24 07:52:37'),
(11, 'G9', 'Sakit dan nyeri', 0.2, '2025-05-24 07:53:34', '2025-05-24 07:53:34'),
(12, 'G10', 'Tidak bersemangat dan kehilangan selera makan', 0.6, '2025-05-24 07:53:52', '2025-05-24 07:53:52'),
(13, 'G11', 'Rasa gatal yang parah, terutama di malam hari', 1, '2025-05-24 07:54:26', '2025-05-24 07:54:26'),
(14, 'G12', 'Alami ruam menyerupai jerawat', 1, '2025-05-24 07:54:42', '2025-05-24 07:54:42'),
(15, 'G13', 'Terdapat sisik atau lecet pada kulit', 0.6, '2025-05-24 07:54:58', '2025-05-24 07:54:58'),
(16, 'G14', 'Alami luka akibat garukan', 1, '2025-05-24 07:55:14', '2025-05-24 07:55:14'),
(17, 'G15', 'Ruam pada kulit yang terasa nyeri dan panas', 1, '2025-05-24 07:55:33', '2025-05-24 07:55:33'),
(18, 'G16', 'Ruam mulai berair seperti luka melupah', 1, '2025-05-24 07:55:54', '2025-05-24 07:55:54'),
(19, 'G17', 'Lepuhan berisi cairan mudah pecah', 0.4, '2025-05-24 07:59:02', '2025-05-24 07:59:02'),
(20, 'G18', 'Kulit terasa gatal yang tidak berhenti', 0.2, '2025-05-24 07:59:43', '2025-05-24 07:59:43'),
(21, 'G19', 'Sakit kepala', 0.6, '2025-05-24 08:00:24', '2025-05-24 08:00:24'),
(22, 'G20', 'Kulit yang memerah akan terasa tebal kering dan bersisik', 0.4, '2025-05-24 08:01:37', '2025-05-24 08:01:37'),
(23, 'G21', 'Kuku menebal dengan tekstur yang tidak rata', 1, '2025-05-24 08:02:39', '2025-05-24 08:02:39'),
(24, 'G22', 'Kulit pecah-pecah dan terkadang berdarah', 0.2, '2025-05-24 08:03:01', '2025-05-24 08:03:01'),
(25, 'G23', 'Sendi terasa bengkak dan kaku', 1, '2025-05-24 08:03:18', '2025-05-24 08:03:18');

-- --------------------------------------------------------

--
-- Table structure for table `jobs`
--

CREATE TABLE `jobs` (
  `id` bigint(20) UNSIGNED NOT NULL,
  `queue` varchar(255) NOT NULL,
  `payload` longtext NOT NULL,
  `attempts` tinyint(3) UNSIGNED NOT NULL,
  `reserved_at` int(10) UNSIGNED DEFAULT NULL,
  `available_at` int(10) UNSIGNED NOT NULL,
  `created_at` int(10) UNSIGNED NOT NULL
) ENGINE=InnoDB DEFAULT CHARSET=utf8mb4 COLLATE=utf8mb4_unicode_ci;

-- --------------------------------------------------------

--
-- Table structure for table `job_batches`
--

CREATE TABLE `job_batches` (
  `id` varchar(255) NOT NULL,
  `name` varchar(255) NOT NULL,
  `total_jobs` int(11) NOT NULL,
  `pending_jobs` int(11) NOT NULL,
  `failed_jobs` int(11) NOT NULL,
  `failed_job_ids` longtext NOT NULL,
  `options` mediumtext DEFAULT NULL,
  `cancelled_at` int(11) DEFAULT NULL,
  `created_at` int(11) NOT NULL,
  `finished_at` int(11) DEFAULT NULL
) ENGINE=InnoDB DEFAULT CHARSET=utf8mb4 COLLATE=utf8mb4_unicode_ci;

-- --------------------------------------------------------

--
-- Table structure for table `migrations`
--

CREATE TABLE `migrations` (
  `id` int(10) UNSIGNED NOT NULL,
  `migration` varchar(255) NOT NULL,
  `batch` int(11) NOT NULL
) ENGINE=InnoDB DEFAULT CHARSET=utf8mb4 COLLATE=utf8mb4_unicode_ci;

--
-- Dumping data for table `migrations`
--

INSERT INTO `migrations` (`id`, `migration`, `batch`) VALUES
(23, '2025_05_20_172834_create_penyakits_table', 1),
(24, '2025_05_21_182143_create_penyakits_table', 2),
(44, '0001_01_01_000000_create_users_table', 3),
(45, '0001_01_01_000001_create_cache_table', 3),
(46, '0001_01_01_000002_create_jobs_table', 3),
(47, '2025_05_20_084720_create_gejalas_table', 3),
(48, '2025_05_21_183239_create_penyakits_table', 3),
(49, '2025_05_22_170940_create_roles_table', 3),
(50, '2025_05_23_064733_create_pasiens_table', 4),
(51, '2025_05_23_070015_create_diagnosas_table', 4);

-- --------------------------------------------------------

--
-- Table structure for table `pasiens`
--

CREATE TABLE `pasiens` (
  `id` bigint(20) UNSIGNED NOT NULL,
  `nama_pasien` varchar(255) DEFAULT NULL,
  `umur` int(11) DEFAULT NULL,
  `akumulasi_cf` double DEFAULT NULL,
  `persentase` double DEFAULT NULL,
  `penyakit_id` bigint(20) UNSIGNED DEFAULT NULL,
  `nama_penyakit` varchar(255) DEFAULT NULL,
  `created_at` timestamp NULL DEFAULT NULL,
  `updated_at` timestamp NULL DEFAULT NULL
) ENGINE=InnoDB DEFAULT CHARSET=utf8mb4 COLLATE=utf8mb4_unicode_ci;

--
-- Dumping data for table `pasiens`
--

INSERT INTO `pasiens` (`id`, `nama_pasien`, `umur`, `akumulasi_cf`, `persentase`, `penyakit_id`, `nama_penyakit`, `created_at`, `updated_at`) VALUES
(14, 'Andre', 21, 1, 100, 2, NULL, '2025-06-03 11:03:01', '2025-06-03 11:03:20'),
(15, 'Angel', 21, 0.04, 4, 5, NULL, '2025-06-03 11:08:47', '2025-06-03 11:09:11'),
(16, 'Ari Dwi Jablay', 25, 1, 100, 2, NULL, '2025-06-03 11:18:39', '2025-06-03 11:18:57'),
(17, 'Andre', 21, 1, 100, 2, NULL, '2025-06-03 23:58:08', '2025-06-03 23:58:25'),
(19, 'Wahyu', 21, 0.36, 36, 3, NULL, '2025-06-04 00:35:47', '2025-06-04 00:36:06'),
(20, 'Indah', 32, 1, 100, 2, NULL, '2025-06-04 00:38:08', '2025-06-04 00:38:59'),
(21, 'Zaenal Alfian', 21, 1, 100, 4, NULL, '2025-06-04 00:39:21', '2025-06-04 00:39:50'),
(22, 'Yunita', 21, 0.4, 40, 4, NULL, '2025-06-04 00:40:15', '2025-06-04 00:40:46'),
(23, 'Siti Nurjamilah', 21, 0.78, 78, 6, NULL, '2025-06-04 00:41:06', '2025-06-04 00:46:53'),
(25, 'Xiao Dre', 21, 1, 100, 2, NULL, '2025-06-04 01:11:31', '2025-06-04 01:11:47'),
(26, 'Andre Tham', 21, 1, 100, 2, NULL, '2025-06-04 01:14:28', '2025-06-04 01:14:42'),
(27, 'Angel', 21, 0.2, 20, 3, NULL, '2025-06-04 12:27:27', '2025-06-04 12:27:46'),
(28, 'Arief', 21, 0.5776, 58, 3, NULL, '2025-06-04 12:39:42', '2025-06-04 12:40:00'),
(29, 'Angel', 21, 1, 100, 4, NULL, '2025-06-04 12:42:56', '2025-06-04 12:43:26');

-- --------------------------------------------------------

--
-- Table structure for table `password_reset_tokens`
--

CREATE TABLE `password_reset_tokens` (
  `email` varchar(255) NOT NULL,
  `token` varchar(255) NOT NULL,
  `created_at` timestamp NULL DEFAULT NULL
) ENGINE=InnoDB DEFAULT CHARSET=utf8mb4 COLLATE=utf8mb4_unicode_ci;

-- --------------------------------------------------------

--
-- Table structure for table `penyakits`
--

CREATE TABLE `penyakits` (
  `id` bigint(20) UNSIGNED NOT NULL,
  `nama_penyakit` varchar(255) NOT NULL,
  `deskripsi` text NOT NULL,
  `solusi` text NOT NULL,
  `created_at` timestamp NULL DEFAULT NULL,
  `updated_at` timestamp NULL DEFAULT NULL
) ENGINE=InnoDB DEFAULT CHARSET=utf8mb4 COLLATE=utf8mb4_unicode_ci;

--
-- Dumping data for table `penyakits`
--

INSERT INTO `penyakits` (`id`, `nama_penyakit`, `deskripsi`, `solusi`, `created_at`, `updated_at`) VALUES
(2, 'Eksim', 'Eksim adalah istilah terkait gangguan pembengkakan pada kulit. Gangguan ini disebut juga dengan dermatitis. \r\n\r\nSaat terjadi, reaksi alergi pada kulit dapat ditandai dengan timbulnya warna kemerahan, ruam, dan rasa gatal. Kondisi ini dapat menimbulkan rasa tidak nyaman serta mengganggu penampilan.\r\n\r\nEksim bukan penyakit yang menular dan sejauh ini penyebabnya belum diketahui. Kemungkinan besar terjadi akibat adanya faktor genetik dan lingkungan. \r\n\r\nSeseorang yang mengidap demam dan asma biasanya juga memiliki penyakit ini. Penyakit yang disebut dermatitis ini juga dapat menjadi penyakit yang dapat bertahan lama.', 'Menggunakan pelembap kulit secara rutin, terutama setelah mandi. \r\n\r\nMenghindari zat pemicu seperti alergen atau sabun keras. \r\n\r\nMenggunakan pakaian yang nyaman dan bernapas.', '2025-05-24 08:08:06', '2025-06-04 12:33:49'),
(3, 'Campak', 'Campak adalah penyakit infeksi saluran pernapasan yang sangat menular. Penyakit ini ditandai dengan ruam kulit di seluruh tubuh dan gejala seperti flu. Penyakit campak disebabkan oleh virus yang dapat menular dari percikan air liur.\r\n\r\nUmumnya gejala muncul sekitar satu hingga dua minggu setelah tubuh terpapar virus tersebut.\r\n\r\nPenyakit ini paling sering terjadi pada anak-anak dan bisa berakibat fatal. Namun, penyakit ini bisa dicegah dengan mendapatkan vaksin.', 'Oleh karena disebabkan oleh virus, jadi tidak ada pengobatan medis khusus untuk kondisi ini. Penyakit tersebut bisa sembuh dengan sendirinya.\r\n\r\nUntuk meredakan gejalanya, berikut perawatan yang bisa dilakukan:\r\n\r\nMinum banyak air untuk mencegah dehidrasi.\r\nBanyak istirahat dan hindari sinar matahari selama mata masih sensitif terhadap cahaya.\r\nMinum obat penurun demam dan obat pereda sakit serta nyeri.', '2025-05-24 08:15:06', '2025-06-04 12:34:43'),
(4, 'Kudis', 'Kudis, disebut juga scabies atau gudik, adalah infeksi kulit yang disebabkan oleh tungau Sarcoptes scabiei. Tungau tersebut bereproduksi pada permukaan kulit, lalu masuk ke dalam kulit untuk bertelur.\r\n\r\nMasuknya tungau tersebutlah yang menimbulkan rasa gatal. Timbulnya rasa gatal dan keinginan menggaruk dapat lebih parah di malam hari.\r\n\r\nPenyakit ini terbilang sangat mudah menular dan menyebar dengan cepat, terlebih jika seseorang melakukan kontak fisik dekat dengan pengidapnya. Meski begitu, kudis dapat dengan mudah diobati yang mampu membunuh tungau serta telurnya pada kulit.', 'Pengobatan kudis bertujuan untuk membunuh tungau dan meredakan gejala gatal. Krim dan losion yang dapat meredakan kondisi kudis meliputi:\r\n\r\nPermetrin: Krim permetrin 5% adalah pengobatan lini pertama untuk kudis. Krim ini dioleskan ke seluruh tubuh dari leher ke bawah, dan dibiarkan selama 8-14 jam sebelum dibilas. Pengobatan ini biasanya diulang setelah satu minggu.\r\nIvermectin: Ivermectin adalah obat oral yang dapat digunakan untuk mengobati kudis, terutama pada kasus yang parah atau pada orang dengan sistem kekebalan tubuh yang lemah.\r\nObat lain: Dokter mungkin juga meresepkan obat lain untuk meredakan gejala gatal, seperti antihistamin atau kortikosteroid topikal.\r\nNamun, ada baiknya untuk berdiskusi dengan dokter spesialis kulit terlebih dahulu terkait tindakan pengobatan ini.\r\n\r\nSebab sebagian obatnya tidak boleh digunakan oleh anak-anak atau wanita hamil.\r\n\r\nWalaupun obat tersebut membunuh tungau dengan cepat, tapi rasa gatal mungkin tidak sepenuhnya hilang selama beberapa minggu.', '2025-05-24 08:15:34', '2025-06-04 12:36:02'),
(5, 'Herpes', 'Herpes adalah penyakit yang ditandai dengan munculnya lepuhan berwarna kemerahan dan berisi cairan pada kulit. Penyebab penyakit herpes adalah virus.\r\n\r\nPenyakit ini tergolong sebagai penyakit jangka panjang, karena virusnya bisa bertahan seumur hidup di dalam tubuh seseorang.\r\n\r\nDua jenis herpes yang umum terjadi, yaitu:\r\n\r\nHerpes simpleks akibat virus herpes simpleks (HSV) tipe 1 dan 2.\r\nHerpes zoster akibat virus varicella-zoster atau virus yang sama dengan penyebab cacar air.', 'Pengobatan herpes akan berfokus untuk menghilangkan bekas lepuhan dan mencegah penyebaran virus. Meski koreng dan lepuhan dapat hilang dengan sendirinya, pengobatan bisa mengurangi potensi komplikasinya.\r\n\r\nSedangkan untuk mengurangi nyeri akibat virus, kamu bisa melakukan tindakan ini:\r\n\r\nMeminum obat pereda nyeri.\r\nMandi dengan menggunakan air suam.\r\nKompres dengan air hangat atau atau air dingin pada kulit yang terkena.\r\nMenggunakan pakaian dalam berbahan katun.\r\nMenggunakan pakaian longgar.\r\nMenjaga area koreng tetap kering dan bersih.\r\nDokter mungkin juga meresepkan obat topikal atau obat oral untuk mengurangi gejala herpes, seperti:\r\n\r\nAsiklovir.\r\nFamsiklovir.\r\nValasiklovir.\r\nKhusus ibu hamil dengan penyakit genital, lakukan pemeriksaan diri untuk mencegah penularan pada bayi selama proses persalinan berlangsung. Dalam beberapa kasus, penularan dapat menyebabkan komplikasi yang membahayakan nyawa bayi.', '2025-05-24 08:15:48', '2025-06-04 12:37:14'),
(6, 'Psoriasis', 'Psoriasis adalah penyakit autoimun yang terjadi karena ada peradangan pada kulit. Peradangan kemudian menyebabkan kulit bersisik, menebal, terasa gatal, serta mudah terkelupas. \r\n\r\nKondisi ini bisa terjadi pada siapa saja, bahkan bisa menyerang bayi yang umumnya disebabkan karena faktor genetik. Peradangan biasanya muncul pada kulit di bagian lulut, siku, punggung bawah, serta kulit kepala. \r\n\r\nPsoriasis sendiri memiliki banyak jenis, tetapi psoriasis plak merupakan jenis yang sering terjadi, dengan ciri khas berupa adanya bercak kemerahan pada kulit yang sedikit menonjol. \r\n\r\nKondisi ini sering diawali dengan terbentuknya sebuah benjolan kecil yang terus memburuk dan akhirnya dilapisi oleh sisik-sisik putih, yang membuat kulit tampak bersisik dan mengelupas.', 'Pengobatan yang dilakukan, seperti:\r\n\r\n1. Perawatan topikal\r\nPemakaian obat krim atau salep yang mengandung mengandung bahan aktif. Misalnya, seperti kortikosteroid, salisilat, atau vitamin D analog.\r\n\r\nFungsinya untuk mengurangi peradangan dan mengontrol gejala kondisi ini.\r\n\r\n2. Keratolitik\r\nKeratolitik adalah jenis obat yang digunakan dalam pengobatan psoriasis untuk membantu mengatasi masalah penumpukan sel-sel kulit mati yang berlebihan pada pengidapnya.\r\n\r\n3. Terapi Cahaya (Phototherapy)\r\nDokter juga bisa merekomendasikan terapi cahaya UVB (ultraviolet B) atau PUVA (psoralen dan ultraviolet A).\r\n\r\nTujuannya untuk membantu mengendalikan gejalanya dengan menargetkan area kulit yang terkena.\r\n\r\n4. Obat-obatan Sistemik\r\nDokter juga bisa meredakan psoriasis dengan memberikan obat sistemik, seperti\r\n\r\nMethotrexate untuk meredakan peradangan dan menghambat pertumbuhan sel-sel kulit berlebihan. Sering dokter resepkan untuk kasus yang parah.\r\nCyclosporine yang berfungsi menghambat sistem kekebalan tubuh dan sering dokter berikan dalam kasus yang parah dan resisten terhadap pengobatan lain.\r\nAgen biologis yang umumnya diberikan melalui suntik atau infus. Fungsinya mengganggu proses peradangan pada tingkat sel. Beberapa contohnya adalah adalimumab, etanercept, infliximab, ustekinumab, dan lain-lain.', '2025-05-24 08:16:10', '2025-06-04 12:38:14');

-- --------------------------------------------------------

--
-- Table structure for table `roles`
--

CREATE TABLE `roles` (
  `id` bigint(20) UNSIGNED NOT NULL,
  `penyakit_id` bigint(20) UNSIGNED NOT NULL,
  `gejala_id` bigint(20) UNSIGNED DEFAULT NULL,
  `kode_gejala` bigint(20) UNSIGNED DEFAULT NULL,
  `bobot_cf` double DEFAULT NULL,
  `created_at` timestamp NULL DEFAULT NULL,
  `updated_at` timestamp NULL DEFAULT NULL
) ENGINE=InnoDB DEFAULT CHARSET=utf8mb4 COLLATE=utf8mb4_unicode_ci;

--
-- Dumping data for table `roles`
--

INSERT INTO `roles` (`id`, `penyakit_id`, `gejala_id`, `kode_gejala`, `bobot_cf`, `created_at`, `updated_at`) VALUES
(4, 1, 1, NULL, 0.5, '2025-05-22 23:45:50', '2025-05-22 23:45:50'),
(6, 2, 4, NULL, 0.2, '2025-05-24 08:10:20', '2025-05-24 08:10:20'),
(7, 2, 5, NULL, 1, '2025-05-24 08:10:29', '2025-05-24 08:10:29'),
(8, 2, 6, NULL, 0.8, '2025-05-24 08:10:42', '2025-05-24 08:10:42'),
(9, 2, 3, NULL, 1, '2025-05-24 08:14:28', '2025-05-24 08:14:28'),
(10, 3, 7, NULL, 0.4, '2025-05-26 09:57:55', '2025-05-26 09:57:55'),
(11, 3, 8, NULL, 0.2, '2025-05-26 09:58:14', '2025-05-26 09:58:14'),
(12, 3, 9, NULL, 0.5, '2025-05-26 09:58:29', '2025-05-26 09:58:29'),
(13, 3, 10, NULL, 0.2, '2025-05-26 09:58:42', '2025-05-26 09:58:42'),
(14, 3, 11, NULL, 0.8, '2025-05-26 09:58:52', '2025-05-26 09:58:52'),
(15, 3, 12, NULL, 1, '2025-05-26 09:59:00', '2025-05-26 09:59:00'),
(16, 4, 13, NULL, 1, '2025-05-26 09:59:59', '2025-05-26 09:59:59'),
(17, 4, 14, NULL, 0.5, '2025-05-26 10:00:11', '2025-05-26 10:00:11'),
(18, 4, 15, NULL, 0.8, '2025-05-26 10:00:31', '2025-05-26 10:00:31'),
(19, 4, 16, NULL, 1, '2025-05-26 10:00:41', '2025-05-26 10:00:41'),
(20, 5, 17, NULL, 0.8, '2025-05-26 10:01:05', '2025-05-26 10:01:05'),
(21, 5, 18, NULL, 1, '2025-05-26 10:01:15', '2025-05-26 10:01:15'),
(22, 5, 19, NULL, 1, '2025-05-26 10:01:24', '2025-05-26 10:01:24'),
(23, 5, 20, NULL, 1, '2025-05-26 10:01:37', '2025-05-26 10:01:37'),
(24, 5, 21, NULL, 0.2, '2025-05-26 10:01:50', '2025-05-26 10:01:50'),
(25, 6, 22, NULL, 0.6, '2025-05-26 10:02:05', '2025-05-26 10:02:05'),
(26, 6, 23, NULL, 0.5, '2025-05-26 10:02:16', '2025-05-26 10:02:16'),
(27, 6, 24, NULL, 0.5, '2025-05-26 10:02:27', '2025-05-26 10:02:27'),
(28, 6, 25, NULL, 0.1, '2025-05-26 10:02:36', '2025-05-26 10:02:36');

-- --------------------------------------------------------

--
-- Table structure for table `sessions`
--

CREATE TABLE `sessions` (
  `id` varchar(255) NOT NULL,
  `user_id` bigint(20) UNSIGNED DEFAULT NULL,
  `ip_address` varchar(45) DEFAULT NULL,
  `user_agent` text DEFAULT NULL,
  `payload` longtext NOT NULL,
  `last_activity` int(11) NOT NULL
) ENGINE=InnoDB DEFAULT CHARSET=utf8mb4 COLLATE=utf8mb4_unicode_ci;

--
-- Dumping data for table `sessions`
--

INSERT INTO `sessions` (`id`, `user_id`, `ip_address`, `user_agent`, `payload`, `last_activity`) VALUES
('rc8Xspcf27CEGYbWyGDbmewiDtk9HEMGkRgElKzp', 2, '127.0.0.1', 'Mozilla/5.0 (Windows NT 10.0; Win64; x64) AppleWebKit/537.36 (KHTML, like Gecko) Chrome/137.0.0.0 Safari/537.36', 'YTo2OntzOjY6Il90b2tlbiI7czo0MDoidTMzTjBzMkk4ZjE5TDF2aDZnSnJRa2tVSmFGYzUyTjM0SHN1M2dyUyI7czo1OiJhbGVydCI7YTowOnt9czo2OiJfZmxhc2giO2E6Mjp7czozOiJuZXciO2E6MDp7fXM6Mzoib2xkIjthOjA6e319czo5OiJfcHJldmlvdXMiO2E6MTp7czozOiJ1cmwiO3M6MzY6Imh0dHA6Ly8xMjcuMC4wLjE6ODAwMC9hZG1pbi9kaWFnbm9zYSI7fXM6NTA6ImxvZ2luX3dlYl81OWJhMzZhZGRjMmIyZjk0MDE1ODBmMDE0YzdmNThlYTRlMzA5ODlkIjtpOjI7czo5OiJwYXNpZW5faWQiO2k6Mjk7fQ==', 1749066332);

-- --------------------------------------------------------

--
-- Table structure for table `users`
--

CREATE TABLE `users` (
  `id` bigint(20) UNSIGNED NOT NULL,
  `name` varchar(255) NOT NULL,
  `email` varchar(255) NOT NULL,
  `email_verified_at` timestamp NULL DEFAULT NULL,
  `password` varchar(255) NOT NULL,
  `role` enum('admin','user') NOT NULL,
  `remember_token` varchar(100) DEFAULT NULL,
  `created_at` timestamp NULL DEFAULT NULL,
  `updated_at` timestamp NULL DEFAULT NULL
) ENGINE=InnoDB DEFAULT CHARSET=utf8mb4 COLLATE=utf8mb4_unicode_ci;

--
-- Dumping data for table `users`
--

INSERT INTO `users` (`id`, `name`, `email`, `email_verified_at`, `password`, `role`, `remember_token`, `created_at`, `updated_at`) VALUES
(1, 'Andre', 'dretham123@gmail.com', NULL, '$2y$12$LZB96z5MnFKWdYeTxRcWw.o9IG80gM6Oc9TomMi3wKT0HrIkWgn4.', 'admin', NULL, '2025-05-22 23:15:59', '2025-05-22 23:15:59'),
(2, 'Angelica Melkin', 'angel@gmail.com', NULL, '$2y$12$nWZ9nbagoj0JRPSXAS9g6uiPHOzwsIQRifEQkhNwRm4Vn0mbJzuwe', 'user', NULL, '2025-06-04 12:26:57', '2025-06-04 12:26:57');

--
-- Indexes for dumped tables
--

--
-- Indexes for table `cache`
--
ALTER TABLE `cache`
  ADD PRIMARY KEY (`key`);

--
-- Indexes for table `cache_locks`
--
ALTER TABLE `cache_locks`
  ADD PRIMARY KEY (`key`);

--
-- Indexes for table `diagnosas`
--
ALTER TABLE `diagnosas`
  ADD PRIMARY KEY (`id`);

--
-- Indexes for table `failed_jobs`
--
ALTER TABLE `failed_jobs`
  ADD PRIMARY KEY (`id`),
  ADD UNIQUE KEY `failed_jobs_uuid_unique` (`uuid`);

--
-- Indexes for table `gejalas`
--
ALTER TABLE `gejalas`
  ADD PRIMARY KEY (`id`),
  ADD UNIQUE KEY `gejalas_kode_gejala_unique` (`kode_gejala`);

--
-- Indexes for table `jobs`
--
ALTER TABLE `jobs`
  ADD PRIMARY KEY (`id`),
  ADD KEY `jobs_queue_index` (`queue`);

--
-- Indexes for table `job_batches`
--
ALTER TABLE `job_batches`
  ADD PRIMARY KEY (`id`);

--
-- Indexes for table `migrations`
--
ALTER TABLE `migrations`
  ADD PRIMARY KEY (`id`);

--
-- Indexes for table `pasiens`
--
ALTER TABLE `pasiens`
  ADD PRIMARY KEY (`id`);

--
-- Indexes for table `password_reset_tokens`
--
ALTER TABLE `password_reset_tokens`
  ADD PRIMARY KEY (`email`);

--
-- Indexes for table `penyakits`
--
ALTER TABLE `penyakits`
  ADD PRIMARY KEY (`id`);

--
-- Indexes for table `roles`
--
ALTER TABLE `roles`
  ADD PRIMARY KEY (`id`);

--
-- Indexes for table `sessions`
--
ALTER TABLE `sessions`
  ADD PRIMARY KEY (`id`),
  ADD KEY `sessions_user_id_index` (`user_id`),
  ADD KEY `sessions_last_activity_index` (`last_activity`);

--
-- Indexes for table `users`
--
ALTER TABLE `users`
  ADD PRIMARY KEY (`id`),
  ADD UNIQUE KEY `users_email_unique` (`email`);

--
-- AUTO_INCREMENT for dumped tables
--

--
-- AUTO_INCREMENT for table `diagnosas`
--
ALTER TABLE `diagnosas`
  MODIFY `id` bigint(20) UNSIGNED NOT NULL AUTO_INCREMENT, AUTO_INCREMENT=566;

--
-- AUTO_INCREMENT for table `failed_jobs`
--
ALTER TABLE `failed_jobs`
  MODIFY `id` bigint(20) UNSIGNED NOT NULL AUTO_INCREMENT;

--
-- AUTO_INCREMENT for table `gejalas`
--
ALTER TABLE `gejalas`
  MODIFY `id` bigint(20) UNSIGNED NOT NULL AUTO_INCREMENT, AUTO_INCREMENT=26;

--
-- AUTO_INCREMENT for table `jobs`
--
ALTER TABLE `jobs`
  MODIFY `id` bigint(20) UNSIGNED NOT NULL AUTO_INCREMENT;

--
-- AUTO_INCREMENT for table `migrations`
--
ALTER TABLE `migrations`
  MODIFY `id` int(10) UNSIGNED NOT NULL AUTO_INCREMENT, AUTO_INCREMENT=52;

--
-- AUTO_INCREMENT for table `pasiens`
--
ALTER TABLE `pasiens`
  MODIFY `id` bigint(20) UNSIGNED NOT NULL AUTO_INCREMENT, AUTO_INCREMENT=30;

--
-- AUTO_INCREMENT for table `penyakits`
--
ALTER TABLE `penyakits`
  MODIFY `id` bigint(20) UNSIGNED NOT NULL AUTO_INCREMENT, AUTO_INCREMENT=7;

--
-- AUTO_INCREMENT for table `roles`
--
ALTER TABLE `roles`
  MODIFY `id` bigint(20) UNSIGNED NOT NULL AUTO_INCREMENT, AUTO_INCREMENT=29;

--
-- AUTO_INCREMENT for table `users`
--
ALTER TABLE `users`
  MODIFY `id` bigint(20) UNSIGNED NOT NULL AUTO_INCREMENT, AUTO_INCREMENT=3;
COMMIT;

/*!40101 SET CHARACTER_SET_CLIENT=@OLD_CHARACTER_SET_CLIENT */;
/*!40101 SET CHARACTER_SET_RESULTS=@OLD_CHARACTER_SET_RESULTS */;
/*!40101 SET COLLATION_CONNECTION=@OLD_COLLATION_CONNECTION */;
